Survived,Pclass,Name,Sex,Age,Siblings/Spouses Aboard,Parents/Children Aboard,Fare
0,3, Mr. Owen Harris Braund          ,male,22 yrs.,1,0,$7.25 
1,1, Mrs. John Bradley (Florence Briggs Thayer) Cumings        ,female,38 yrs.,1,0,$71.28 
Yes,Third,     Miss. Laina Heikkinen       ,female,26 yrs.,0,0,$7.93 
1,First,      Mrs. Jacques Heath (Lily May Peel) Futrelle       ,female,35 yrs.,1,0,$53.10 
0,3,Mr. William Henry Allen      ,male,35 yrs.,0,0,$8.05 
No,3,    Mr. James Moran         ,male,27 yrs.,0,0,$8.46 
0,First,       Mr. Timothy J McCarthy    ,male,54 yrs.,0,0,$51.86 
0,3,      Master. Gosta Leonard Palsson    ,male,2 yrs.,3,1,$21.08 
1,3,     Mrs. Oscar W (Elisabeth Vilhelmina Berg) Johnson,female,27 yrs.,0,2,$11.13 
Yes,Second,   Mrs. Nicholas (Adele Achem) Nasser         ,female,14 yrs.,1,0,$30.07 
1,3,        Miss. Marguerite Rut Sandstrom        ,female,4 yrs.,1,1,$16.70 
Yes,1,  Miss. Elizabeth Bonnell   ,female,58 yrs.,0,0,$26.55 
0,Third, Mr. William Henry Saundercock        ,male,20 yrs.,0,0,$8.05 
0,Third, Mr. Anders Johan Andersson         ,male,39 yrs.,1,5,$31.28 
No,3,  Miss. Hulda Amanda Adolfina Vestrom       ,female,14 yrs.,0,0,$7.85 
1,Second,  Mrs. (Mary D Kingcome) Hewlett   ,female,55 yrs.,0,0,$16 
No,3,Master. Eugene Rice    ,male,2 yrs.,4,1,$29.13 
1,2,    Mr. Charles Eugene Williams,male,23 yrs.,0,0,$13 
No,Third,         Mrs. Julius (Emelia Maria Vandemoortele) Vander Planke        ,female,31 yrs.,1,0,$18 
1,Third,   Mrs. Fatima Masselmani          ,female,22 yrs.,0,0,$7.23 
No,Second,  Mr. Joseph J Fynney      ,male,35 yrs.,0,0,$26 
1,Second,  Mr. Lawrence Beesley     ,male,34 yrs.,0,0,$13 
Yes,3,      Miss. Anna McGowan      ,female,15 yrs.,0,0,$8.03 
1,First,     Mr. William Thompson Sloper    ,male,28 yrs.,0,0,$35.50 
0,Third,         Miss. Torborg Danira Palsson        ,female,8 yrs.,3,1,$21.08 
1,3,         Mrs. Carl Oscar (Selma Augusta Emilia Johansson) Asplund   ,female,38 yrs.,1,5,$31.39 
0,Third,  Mr. Farred Chehab Emir     ,male,26 yrs.,0,0,$7.23 
0,1,Mr. Charles Alexander Fortune ,male,19 yrs.,3,2,$263 
Yes,Third,     Miss. Ellen O'Dwyer          ,female,24 yrs.,0,0,$7.88 
0,Third,    Mr. Lalio Todoroff       ,male,23 yrs.,0,0,$7.90 
No,1,   Don. Manuel E Uruchurtu ,male,40 yrs.,0,0,$27.72 
Yes,First,       Mrs. William Augustus (Marie Eugenie) Spencer   ,female,48 yrs.,1,0,$146.52 
1,Third,         Miss. Mary Agatha Glynn        ,female,18 yrs.,0,0,$7.75 
0,2,         Mr. Edward H Wheadon      ,male,66 yrs.,0,0,$10.50 
0,1,     Mr. Edgar Joseph Meyer  ,male,28 yrs.,1,0,$82.17 
No,1,       Mr. Alexander Oskar Holverson ,male,42 yrs.,1,0,$52 
1,3,   Mr. Hanna Mamee          ,male,18 yrs.,0,0,$7.23 
0,3,Mr. Ernest Charles Cann ,male,21 yrs.,0,0,$8.05 
No,3,    Miss. Augusta Maria Vander Planke ,female,18 yrs.,2,0,$18 
Yes,Third,         Miss. Jamila Nicola-Yarred          ,female,14 yrs.,1,0,$11.24 
No,3,Mrs. Johan (Johanna Persdotter Larsson) Ahlin     ,female,40 yrs.,1,0,$9.48 
No,2,   Mrs. William John Robert (Dorothy Ann Wonnacott) Turpin         ,female,27 yrs.,1,0,$21 
1,Second,Miss. Simonne Marie Anne Andree Laroche     ,female,3 yrs.,1,2,$41.58 
1,3,  Miss. Margaret Delia Devaney         ,female,19 yrs.,0,0,$7.88 
No,Third,  Mr. William John Rogers      ,male,30 yrs.,0,0,$8.05 
No,3,      Mr. Denis Lennon        ,male,20 yrs.,1,0,$15.50 
Yes,3,       Miss. Bridget O'Driscoll   ,female,27 yrs.,0,0,$7.75 
No,3,       Mr. Youssef Samaan     ,male,16 yrs.,2,0,$21.68 
No,Third,       Mrs. Josef (Josefine Franchi) Arnold-Franchi         ,female,18 yrs.,1,0,$17.80 
0,3,Master. Juha Niilo Panula  ,male,7 yrs.,4,1,$39.69 
No,Third,          Mr. Richard Cater Nosworthy       ,male,21 yrs.,0,0,$7.80 
Yes,First,       Mrs. Henry Sleeper (Myna Haxtun) Harper       ,female,49 yrs.,1,0,$76.73 
1,2,       Mrs. Lizzie (Elizabeth Anne Wilkinson) Faunthorpe     ,female,29 yrs.,1,0,$26 
0,1,      Mr. Engelhart Cornelius Ostby     ,male,65 yrs.,0,1,$61.98 
Yes,First,     Mr. Hugh Woolner     ,male,46 yrs.,0,0,$35.50 
Yes,2,  Miss. Emily Rugg ,female,21 yrs.,0,0,$10.50 
No,3, Mr. Mansouer Novel        ,male,28.5 yrs.,0,0,$7.23 
1,2,    Miss. Constance Mirium West ,female,5 yrs.,1,2,$27.75 
0,Third, Master. William Frederick Goodwin   ,male,11 yrs.,5,2,$46.90 
No,Third,          Mr. Orsen Sirayanian,male,22 yrs.,0,0,$7.23 
1,First, Miss. Amelie Icard   ,female,38 yrs.,0,0,$80 
No,1,          Mr. Henry Birkhardt Harris    ,male,45 yrs.,1,0,$83.48 
No,Third,      Master. Harald Skoog         ,male,4 yrs.,3,2,$27.90 
0,First,         Mr. Albert A Stewart ,male,64 yrs.,0,0,$27.72 
1,Third,          Master. Gerios Moubarek          ,male,7 yrs.,1,1,$15.25 
Yes,2,  Mrs. (Elizabeth Ramell) Nye          ,female,29 yrs.,0,0,$10.50 
0,Third,   Mr. Ernest James Crease          ,male,19 yrs.,0,0,$8.16 
Yes,Third,     Miss. Erna Alexandra Andersson          ,female,17 yrs.,4,2,$7.93 
0,3,Mr. Vincenz Kink    ,male,26 yrs.,2,0,$8.66 
0,Second,         Mr. Stephen Curnow Jenkin        ,male,32 yrs.,0,0,$10.50 
0,Third,          Miss. Lillian Amy Goodwin   ,female,16 yrs.,5,2,$46.90 
No,Second,     Mr. Ambrose Jr Hood         ,male,21 yrs.,0,0,$73.50 
0,3,   Mr. Apostolos Chronopoulos      ,male,26 yrs.,1,0,$14.45 
Yes,Third,     Mr. Lee Bing    ,male,32 yrs.,0,0,$56.50 
No,3,        Mr. Sigurd Hansen Moen        ,male,25 yrs.,0,0,$7.65 
0,Third,     Mr. Ivan Staneff   ,male,23 yrs.,0,0,$7.90 
0,Third,         Mr. Rahamin Haim Moutal         ,male,28 yrs.,0,0,$8.05 
Yes,Second,  Master. Alden Gates Caldwell         ,male,0.83 yrs.,0,2,$29 
Yes,3,    Miss. Elizabeth Dowdell   ,female,30 yrs.,0,0,$12.48 
0,Third,          Mr. Achille Waelens         ,male,22 yrs.,0,0,$9 
Yes,3,Mr. Jan Baptist Sheerlinck   ,male,29 yrs.,0,0,$9.50 
Yes,3,       Miss. Brigdet Delia McDermott        ,female,31 yrs.,0,0,$7.79 
0,1,       Mr. Francisco M Carrau       ,male,28 yrs.,0,0,$47.10 
1,2,       Miss. Bertha Ilett          ,female,17 yrs.,0,0,$10.50 
Yes,3,   Mrs. Karl Alfred (Maria Mathilda Gustafsson) Backstrom   ,female,33 yrs.,3,0,$15.85 
0,3,       Mr. William Neal Ford ,male,16 yrs.,1,3,$34.38 
0,Third,      Mr. Selman Francis Slocovski,male,20 yrs.,0,0,$8.05 
Yes,First,   Miss. Mabel Helen Fortune       ,female,23 yrs.,3,2,$263 
0,3,         Mr. Francesco Celotti,male,24 yrs.,0,0,$8.05 
No,Third,          Mr. Emil Christmann       ,male,29 yrs.,0,0,$8.05 
0,3,     Mr. Paul Edvin Andreasson         ,male,20 yrs.,0,0,$7.85 
0,1,  Mr. Herbert Fuller Chaffee   ,male,46 yrs.,1,0,$61.18 
0,Third,         Mr. Bertram Frank Dean,male,26 yrs.,1,2,$20.58 
No,Third,      Mr. Daniel Coxon  ,male,59 yrs.,0,0,$7.25 
No,3,  Mr. Charles Joseph Shorney       ,male,22 yrs.,0,0,$8.05 
0,First,Mr. George B Goldschmidt,male,71 yrs.,0,0,$34.65 
1,First,      Mr. William Bertram Greenfield     ,male,23 yrs.,0,1,$63.36 
Yes,2, Mrs. John T (Ada Julia Bone) Doling ,female,34 yrs.,0,1,$23 
0,2,Mr. Sinai Kantor  ,male,34 yrs.,1,0,$26 
0,Third,        Miss. Matilda Petranec        ,female,28 yrs.,0,0,$7.90 
0,Third, Mr. Pastcho Petroff    ,male,29 yrs.,0,0,$7.90 
0,First,     Mr. Richard Frasar White        ,male,21 yrs.,0,1,$77.29 
0,3,     Mr. Gustaf Joel Johansson     ,male,33 yrs.,0,0,$8.65 
No,3,        Mr. Anders Vilhelm Gustafsson         ,male,37 yrs.,2,0,$7.93 
0,3,          Mr. Stoytcho Mionoff ,male,28 yrs.,0,0,$7.90 
Yes,Third,        Miss. Anna Kristine Salkjelsvik          ,female,21 yrs.,0,0,$7.65 
Yes,Third,    Mr. Albert Johan Moss    ,male,29 yrs.,0,0,$7.78 
No,Third,     Mr. Tido Rekic        ,male,38 yrs.,0,0,$7.90 
Yes,3,Miss. Bertha Moran  ,female,28 yrs.,1,0,$24.15 
0,1,         Mr. Walter Chamberlain Porter   ,male,47 yrs.,0,0,$52 
0,Third,   Miss. Hileni Zabour        ,female,14.5 yrs.,1,0,$14.45 
No,3,      Mr. David John Barton    ,male,22 yrs.,0,0,$8.05 
0,Third,    Miss. Katriina Jussila,female,20 yrs.,1,0,$9.83 
No,Third,         Miss. Malake Attalah,female,17 yrs.,0,0,$14.46 
No,Third,   Mr. Edvard Pekoniemi          ,male,21 yrs.,0,0,$7.93 
0,Third,         Mr. Patrick Connors ,male,70.5 yrs.,0,0,$7.75 
0,Second,      Mr. William John Robert Turpin ,male,29 yrs.,1,0,$21 
0,1,   Mr. Quigg Edmond Baxter         ,male,24 yrs.,0,1,$247.52 
No,Third,   Miss. Ellis Anna Maria Andersson    ,female,2 yrs.,4,2,$31.28 
0,Second,       Mr. Stanley George Hickman         ,male,21 yrs.,2,0,$73.50 
0,3,    Mr. Leonard Charles Moore          ,male,19 yrs.,0,0,$8.05 
0,2, Mr. Nicholas Nasser        ,male,32.5 yrs.,1,0,$30.07 
1,2,    Miss. Susan Webber   ,female,32.5 yrs.,0,0,$13 
No,First,      Mr. Percival Wayland White  ,male,54 yrs.,0,1,$77.29 
Yes,Third,        Master. Elias Nicola-Yarred ,male,12 yrs.,1,0,$11.24 
0,Third,       Mr. Martin McMahon,male,19 yrs.,0,0,$7.75 
Yes,Third,       Mr. Fridtjof Arne Madsen    ,male,24 yrs.,0,0,$7.14 
1,3,       Miss. Anna Peter        ,female,2 yrs.,1,1,$22.36 
No,3,      Mr. Johan Ekstrom      ,male,45 yrs.,0,0,$6.98 
No,3,     Mr. Jozef Drazenoic         ,male,33 yrs.,0,0,$7.90 
0,3,  Mr. Domingos Fernandeo Coelho   ,male,20 yrs.,0,0,$7.05 
No,Third, Mrs. Alexander A (Grace Charity Laury) Robins    ,female,47 yrs.,1,0,$14.50 
Yes,2,    Mrs. Leopold (Mathilde Francoise Pede) Weisz        ,female,29 yrs.,1,0,$26 
0,2,          Mr. Samuel James Hayden Sobey       ,male,25 yrs.,0,0,$13 
No,Second,  Mr. Emile Richard        ,male,23 yrs.,0,0,$15.05 
1,First,       Miss. Helen Monypeny Newsom       ,female,19 yrs.,0,2,$26.28 
No,1,        Mr. Jacques Heath Futrelle       ,male,37 yrs.,1,0,$53.10 
No,Third,       Mr. Olaf Elon Osen         ,male,16 yrs.,0,0,$9.22 
0,First,    Mr. Victor Giglio ,male,24 yrs.,0,0,$79.20 
No,Third,          Mrs. Joseph (Sultana) Boulos       ,female,40 yrs.,0,2,$15.25 
Yes,3,     Miss. Anna Sofia Nysten,female,22 yrs.,0,0,$7.75 
Yes,3,      Mrs. Pekka Pietari (Elin Matilda Dolck) Hakkarainen    ,female,24 yrs.,1,0,$15.85 
0,Third,         Mr. Jeremiah Burke    ,male,19 yrs.,0,0,$6.75 
0,Second,       Mr. Edgardo Samuel Andrew  ,male,18 yrs.,0,0,$11.50 
0,2,       Mr. Joseph Charles Nicholls        ,male,19 yrs.,1,1,$36.75 
1,3,  Mr. August Edvard Andersson         ,male,27 yrs.,0,0,$7.80 
0,Third,     Miss. Robina Maggie Ford      ,female,9 yrs.,2,2,$34.38 
0,2,   Mr. Michel Navratil,male,36.5 yrs.,0,2,$26 
0,Second,       Rev. Thomas Roussel Davids Byles   ,male,42 yrs.,0,0,$13 
No,Second,       Rev. Robert James Bateman      ,male,51 yrs.,0,0,$12.53 
1,First,   Mrs. Thomas (Edith Wearne) Pears        ,female,22 yrs.,1,0,$66.60 
No,3,       Mr. Alfonzo Meo        ,male,55.5 yrs.,0,0,$8.05 
No,3,    Mr. Austin Blyler van Billiard     ,male,40.5 yrs.,0,2,$14.50 
0,3,          Mr. Ole Martin Olsen        ,male,27 yrs.,0,0,$7.31 
0,1,Mr. Charles Duane Williams       ,male,51 yrs.,0,1,$61.38 
1,Third,     Miss. Katherine Gilnagh     ,female,16 yrs.,0,0,$7.73 
0,3,  Mr. Harry Corn        ,male,30 yrs.,0,0,$8.05 
0,Third,      Mr. Mile Smiljanic    ,male,37 yrs.,0,0,$8.66 
0,Third,Master. Thomas Henry Sage   ,male,5 yrs.,8,2,$69.55 
0,Third, Mr. John Hatfield Cribb    ,male,44 yrs.,0,1,$16.10 
1,Second,     Mrs. James (Elizabeth Inglis Milne) Watt        ,female,40 yrs.,0,0,$15.75 
0,Third,Mr. John Viktor Bengtsson    ,male,26 yrs.,0,0,$7.78 
0,3,   Mr. Jovo Calic     ,male,17 yrs.,0,0,$8.66 
No,3,   Master. Eino Viljami Panula   ,male,1 yrs.,4,1,$39.69 
Yes,Third,   Master. Frank John William Goldsmith  ,male,9 yrs.,0,2,$20.53 
1,First,  Mrs. (Edith Martha Bowerman) Chibnall    ,female,48 yrs.,0,1,$55 
No,3,  Mrs. William (Anna Bernhardina Karlsson) Skoog         ,female,45 yrs.,1,4,$27.90 
No,First,      Mr. John D Baumann     ,male,60 yrs.,0,0,$25.93 
0,3,     Mr. Lee Ling         ,male,28 yrs.,0,0,$56.50 
0,First,         Mr. Wyckoff Van der hoef ,male,61 yrs.,0,0,$33.50 
No,3,    Master. Arthur Rice       ,male,4 yrs.,4,1,$29.13 
Yes,Third,    Miss. Eleanor Ileen Johnson,female,1 yrs.,1,1,$11.13 
No,3,    Mr. Antti Wilhelm Sivola ,male,21 yrs.,0,0,$7.93 
0,1,   Mr. James Clinch Smith          ,male,56 yrs.,0,0,$30.70 
0,Third,        Mr. Klas Albin Klasen      ,male,18 yrs.,1,1,$7.85 
No,Third,Master. Henry Forbes Lefebre       ,male,5 yrs.,3,1,$25.47 
0,1,    Miss. Ann Elizabeth Isham    ,female,50 yrs.,0,0,$28.71 
0,Second,         Mr. Reginald Hale     ,male,30 yrs.,0,0,$13 
0,Third,   Mr. Lionel Leonard    ,male,36 yrs.,0,0,$0 
0,3,         Miss. Constance Gladys Sage ,female,8 yrs.,8,2,$69.55 
0,Second,      Mr. Rene Pernot         ,male,39 yrs.,0,0,$15.05 
0,3,     Master. Clarence Gustaf Hugo Asplund        ,male,9 yrs.,4,2,$31.39 
1,Second,       Master. Richard F Becker      ,male,1 yrs.,2,1,$39 
1,3,    Miss. Luise Gretchen Kink-Heilmann ,female,4 yrs.,0,2,$22.03 
0,1,Mr. Hugh Roscoe Rood        ,male,39 yrs.,0,0,$50 
1,Third,    Mrs. Thomas (Johanna Godfrey) O'Brien,female,26 yrs.,1,0,$15.50 
1,First,        Mr. Charles Hallace Romaine      ,male,45 yrs.,0,0,$26.55 
No,3,      Mr. John Bourke        ,male,40 yrs.,1,1,$15.50 
0,Third, Mr. Stjepan Turcin    ,male,36 yrs.,0,0,$7.90 
1,Second,     Mrs. (Rosa) Pinsky      ,female,32 yrs.,0,0,$13 
0,Second, Mr. William Carbines        ,male,19 yrs.,0,0,$13 
1,Third, Miss. Carla Christine Nielsine Andersen-Jensen,female,19 yrs.,1,0,$7.85 
Yes,2, Master. Michel M Navratil      ,male,3 yrs.,1,1,$26 
1,First,     Mrs. James Joseph (Margaret Tobin) Brown       ,female,44 yrs.,0,0,$27.72 
1,1,     Miss. Elise Lurette       ,female,58 yrs.,0,0,$146.52 
0,3, Mr. Robert Mernagh       ,male,28 yrs.,0,0,$7.75 
No,Third,Mr. Karl Siegwart Andreas Olsen,male,42 yrs.,0,1,$8.40 
Yes,3,  Miss. Margaret Madigan ,female,21 yrs.,0,0,$7.75 
0,2,  Miss. Henriette Yrois ,female,24 yrs.,0,0,$13 
No,Third,         Mr. Nestor Cyriel Vande Walle    ,male,28 yrs.,0,0,$9.50 
No,Third,         Mr. Frederick Sage     ,male,17 yrs.,8,2,$69.55 
No,3,   Mr. Jakob Alfred Johanson  ,male,34 yrs.,0,0,$6.50 
0,Third,     Mr. Gerious Youseff         ,male,45.5 yrs.,0,0,$7.23 
Yes,3,Mr. Gurshon Cohen     ,male,18 yrs.,0,0,$8.05 
0,Third,  Miss. Telma Matilda Strom         ,female,2 yrs.,0,1,$10.46 
No,3,          Mr. Karl Alfred Backstrom        ,male,32 yrs.,1,0,$15.85 
1,3,        Mr. Nassef Cassem Albimona     ,male,26 yrs.,0,0,$18.79 
1,3,        Miss. Helen Carr          ,female,16 yrs.,0,0,$7.75 
1,First,     Mr. Henry Blank,male,40 yrs.,0,0,$31 
No,3,        Mr. Ahmed Ali  ,male,24 yrs.,0,0,$7.05 
Yes,2, Miss. Clear Annie Cameron ,female,35 yrs.,0,0,$21 
No,3,Mr. John Henry Perkin       ,male,22 yrs.,0,0,$7.25 
No,2,Mr. Hans Kristensen Givard        ,male,30 yrs.,0,0,$13 
0,Third,       Mr. Philip Kiernan       ,male,22 yrs.,1,0,$7.75 
1,First,  Miss. Madeleine Newell   ,female,31 yrs.,1,0,$113.28 
Yes,Third,          Miss. Eliina Honkanen         ,female,27 yrs.,0,0,$7.93 
No,2,       Mr. Sidney Samuel Jacobsohn        ,male,42 yrs.,1,0,$27 
1,First, Miss. Albina Bazzani,female,32 yrs.,0,0,$76.29 
0,Second,          Mr. Walter Harris          ,male,30 yrs.,0,0,$10.50 
Yes,Third,          Mr. Victor Francis Sunderland          ,male,16 yrs.,0,0,$8.05 
No,Second,     Mr. James H Bracken     ,male,27 yrs.,0,0,$13 
No,Third,     Mr. George Henry Green         ,male,51 yrs.,0,0,$8.05 
No,Third,        Mr. Christo Nenkoff       ,male,22 yrs.,0,0,$7.90 
1,1,   Mr. Frederick Maxfield Hoyt ,male,38 yrs.,1,0,$90 
No,Third,        Mr. Karl Ivar Sven Berglund       ,male,22 yrs.,0,0,$9.35 
1,2,Mr. William John Mellors ,male,19 yrs.,0,0,$10.50 
No,Third,    Mr. John Hall Lovell        ,male,20.5 yrs.,0,0,$7.25 
No,Second,  Mr. Arne Jonas Fahlstrom ,male,18 yrs.,0,0,$13 
0,3, Miss. Mathilde Lefebre         ,female,12 yrs.,3,1,$25.47 
1,First,      Mrs. Henry Birkhardt (Irene Wallach) Harris  ,female,35 yrs.,1,0,$83.48 
No,Third,   Mr. Bengt Edvin Larsson  ,male,29 yrs.,0,0,$7.78 
No,2,Mr. Ernst Adolf Sjostedt   ,male,59 yrs.,0,0,$13.50 
1,3,Miss. Lillian Gertrud Asplund       ,female,5 yrs.,4,2,$31.39 
0,2,          Mr. Robert William Norman Leyson  ,male,24 yrs.,0,0,$10.50 
0,Third,     Miss. Alice Phoebe Harknett          ,female,21 yrs.,0,0,$7.55 
0,Second,  Mr. Stephen Hold          ,male,44 yrs.,1,0,$26 
Yes,2,  Miss. Marjorie Collyer         ,female,8 yrs.,0,2,$26.25 
0,Second,          Mr. Frederick William Pengelly      ,male,19 yrs.,0,0,$10.50 
No,Second,  Mr. George Henry Hunt         ,male,33 yrs.,0,0,$12.28 
No,3,   Miss. Thamine Zabour   ,female,19 yrs.,1,0,$14.45 
1,Third,         Miss. Katherine Murphy     ,female,18 yrs.,1,0,$15.50 
No,Second,        Mr. Reginald Charles Coleridge        ,male,29 yrs.,0,0,$10.50 
No,3,     Mr. Matti Alexanteri Maenpaa          ,male,22 yrs.,0,0,$7.13 
No,3,      Mr. Sleiman Attalah       ,male,30 yrs.,0,0,$7.23 
0,1,       Dr. William Edward Minahan      ,male,44 yrs.,2,0,$90 
No,Third,   Miss. Agda Thorilda Viktoria Lindahl      ,female,25 yrs.,0,0,$7.78 
Yes,Second,          Mrs. William (Anna) Hamalainen,female,24 yrs.,0,2,$14.50 
1,First,        Mr. Richard Leonard Beckwith,male,37 yrs.,1,1,$52.55 
No,2,     Rev. Ernest Courtenay Carter      ,male,54 yrs.,1,0,$26 
0,3,          Mr. James George Reed  ,male,18 yrs.,0,0,$7.25 
No,Third,          Mrs. Wilhelm (Elna Matilda Persson) Strom      ,female,29 yrs.,1,1,$10.46 
No,1, Mr. William Thomas Stead ,male,62 yrs.,0,0,$26.55 
0,3,   Mr. William Arthur Lobb    ,male,30 yrs.,1,0,$16.10 
No,3,        Mrs. Viktor (Helena Wilhelmina) Rosblom      ,female,41 yrs.,0,2,$20.21 
Yes,3,        Mrs. Darwis (Hanne Youssef Razi) Touma  ,female,29 yrs.,0,2,$15.25 
1,1,       Mrs. Gertrude Maybelle Thorne        ,female,38 yrs.,0,0,$79.20 
Yes,First,          Miss. Gladys Cherry         ,female,30 yrs.,0,0,$86.50 
Yes,First,     Miss. Anna Ward       ,female,35 yrs.,0,0,$512.33 
Yes,Second,        Mrs. (Lutie Davis) Parrish ,female,50 yrs.,0,1,$26 
Yes,Third,    Master. Edvin Rojj Felix Asplund      ,male,3 yrs.,4,2,$31.39 
0,1,       Mr. Emil Taussig ,male,52 yrs.,1,1,$79.65 
0,1, Mr. William Harrison         ,male,40 yrs.,0,0,$0 
No,Third,          Miss. Delia Henry   ,female,21 yrs.,0,0,$7.75 
0,Second,        Mr. David Reeves ,male,36 yrs.,0,0,$10.50 
No,3,  Mr. Ernesti Arvid Panula    ,male,16 yrs.,4,1,$39.69 
Yes,3,        Mr. Ernst Ulrik Persson        ,male,25 yrs.,1,0,$7.78 
1,1,          Mrs. William Thompson (Edith Junkins) Graham    ,female,58 yrs.,0,1,$153.46 
1,1,      Miss. Amelia Bissette        ,female,35 yrs.,0,0,$135.63 
0,1,      Mr. Alexander Cairns ,male,28 yrs.,0,0,$31 
1,3,     Mr. William Henry Tornquist      ,male,25 yrs.,0,0,$0 
Yes,Second,Mrs. (Elizabeth Anne Maidment) Mellinger       ,female,41 yrs.,0,1,$19.50 
No,1,          Mr. Charles H Natsch      ,male,37 yrs.,0,1,$29.70 
Yes,3,   Miss. Hanora Healy    ,female,33 yrs.,0,0,$7.75 
Yes,First,     Miss. Kornelia Theodosia Andrews     ,female,63 yrs.,1,0,$77.96 
No,3,        Miss. Augusta Charlotta Lindblom     ,female,45 yrs.,0,0,$7.75 
0,Second,          Mr. Francis Parkes  ,male,21 yrs.,0,0,$0 
No,3,    Master. Eric Rice        ,male,7 yrs.,4,1,$29.13 
1,3,Mrs. Stanton (Rosa Hunt) Abbott    ,female,35 yrs.,1,1,$20.25 
No,Third,   Mr. Frank Duane   ,male,65 yrs.,0,0,$7.75 
No,Third,   Mr. Nils Johan Goransson Olsson          ,male,28 yrs.,0,0,$7.85 
No,Third, Mr. Alfons de Pelsmaeker  ,male,16 yrs.,0,0,$9.50 
1,Third,          Mr. Edward Arthur Dorking     ,male,19 yrs.,0,0,$8.05 
0,1,  Mr. Richard William Smith         ,male,57 yrs.,0,0,$26 
No,3,  Mr. Ivan Stankovic ,male,33 yrs.,0,0,$8.66 
1,3,Mr. Theodore de Mulder,male,30 yrs.,0,0,$9.50 
0,Third,   Mr. Penko Naidenoff         ,male,22 yrs.,0,0,$7.90 
1,2,          Mr. Masabumi Hosono          ,male,42 yrs.,0,0,$13 
Yes,Third,      Miss. Kate Connolly       ,female,22 yrs.,0,0,$7.75 
Yes,1,    Miss. Ellen Barber ,female,26 yrs.,0,0,$78.85 
1,1,Mrs. Dickinson H (Helen Walton) Bishop  ,female,19 yrs.,1,0,$91.08 
0,Second,         Mr. Rene Jacques Levy       ,male,36 yrs.,0,0,$12.88 
0,3,    Miss. Aloisia Haas       ,female,24 yrs.,0,0,$8.85 
0,3,   Mr. Ivan Mineff,male,24 yrs.,0,0,$7.90 
No,1,          Mr. Ervin G Lewy,male,30 yrs.,0,0,$27.72 
No,Third,        Mr. Mansour Hanna         ,male,23.5 yrs.,0,0,$7.23 
No,First,      Miss. Helen Loraine Allison          ,female,2 yrs.,1,2,$151.55 
1,First,    Mr. Adolphe Saalfeld        ,male,47 yrs.,0,0,$30.50 
1,First,  Mrs. James (Helene DeLaudeniere Chaput) Baxter ,female,50 yrs.,0,1,$247.52 
1,Third,    Miss. Anna Katherine Kelly         ,female,20 yrs.,0,0,$7.75 
Yes,3, Mr. Bernard McCoy         ,male,24 yrs.,2,0,$23.25 
0,3,        Mr. William Cahoone Jr Johnson         ,male,19 yrs.,0,0,$0 
Yes,Second, Miss. Nora A Keane         ,female,46 yrs.,0,0,$12.35 
0,Third,Mr. Howard Hugh Williams  ,male,28 yrs.,0,0,$8.05 
Yes,1,    Master. Hudson Trevor Allison     ,male,0.92 yrs.,1,2,$151.55 
Yes,First,          Miss. Margaret Fleming      ,female,42 yrs.,0,0,$110.88 
Yes,First,  Mrs. Victor de Satode (Maria Josefa Perez de Soto y Vallejo) Penasco y Castellana          ,female,17 yrs.,1,0,$108.90 
0,2,   Mr. Samuel Abelson       ,male,30 yrs.,1,0,$24 
1,First,  Miss. Laura Mabel Francatelli     ,female,30 yrs.,0,0,$56.93 
1,1,   Miss. Margaret Bechstein Hays        ,female,24 yrs.,0,0,$83.16 
1,First,          Miss. Emily Borie Ryerson          ,female,18 yrs.,2,2,$262.38 
0,Second,        Mrs. William (Anna Sylfven) Lahtinen        ,female,26 yrs.,1,1,$26 
No,3,  Mr. Ignjac Hendekovic        ,male,28 yrs.,0,0,$7.90 
0,Second,        Mr. Benjamin Hart,male,43 yrs.,1,1,$26.25 
1,3,   Miss. Helmina Josefina Nilsson         ,female,26 yrs.,0,0,$7.85 
Yes,Second,         Mrs. Sinai (Miriam Sternin) Kantor       ,female,24 yrs.,1,0,$26 
0,2, Dr. Ernest Moraweck ,male,54 yrs.,0,0,$14 
1,First,     Miss. Mary Natalie Wick          ,female,31 yrs.,0,2,$164.87 
Yes,1,  Mrs. Frederic Oakley (Margaretta Corning Stone) Spedden          ,female,40 yrs.,1,1,$134.50 
No,Third,  Mr. Samuel Dennis        ,male,22 yrs.,0,0,$7.25 
No,Third,      Mr. Yoto Danoff,male,27 yrs.,0,0,$7.90 
1,2,         Miss. Hilda Mary Slayter    ,female,30 yrs.,0,0,$12.35 
Yes,Second,Mrs. Albert Francis (Sylvia Mae Harbaugh) Caldwell         ,female,22 yrs.,1,1,$29 
No,3,    Mr. George John Jr Sage  ,male,20 yrs.,8,2,$69.55 
Yes,First,          Miss. Marie Grice Young    ,female,36 yrs.,0,0,$135.63 
No,Third,        Mr. Johan Hansen Nysveen        ,male,61 yrs.,0,0,$6.24 
Yes,2,   Mrs. (Ada E Hall) Ball         ,female,36 yrs.,0,0,$13 
Yes,Third,         Mrs. Frank John (Emily Alice Brown) Goldsmith     ,female,31 yrs.,1,1,$20.53 
1,1,          Miss. Jean Gertrude Hippach         ,female,16 yrs.,0,1,$57.98 
1,Third,       Miss. Agnes McCoy         ,female,28 yrs.,2,0,$23.25 
0,First,     Mr. Austen Partner       ,male,45.5 yrs.,0,0,$28.50 
No,First,    Mr. George Edward Graham ,male,38 yrs.,0,1,$153.46 
No,Third, Mr. Leo Edmondus Vander Planke          ,male,16 yrs.,2,0,$18 
1,First,  Mrs. Henry William (Clara Heinsheimer) Frauenthal         ,female,42 yrs.,1,0,$133.65 
0,Third,      Mr. Mitto Denkoff  ,male,30 yrs.,0,0,$7.90 
0,1,  Mr. Thomas Clinton Pears   ,male,29 yrs.,1,0,$66.60 
1,1,         Miss. Elizabeth Margaret Burns,female,41 yrs.,0,0,$134.50 
1,3,Mr. Karl Edwart Dahl ,male,45 yrs.,0,0,$8.05 
0,1,Mr. Stephen Weart Blackwell     ,male,45 yrs.,0,0,$35.50 
1,2,     Master. Edmond Roger Navratil,male,2 yrs.,1,1,$26 
1,1,     Miss. Alice Elizabeth Fortune     ,female,24 yrs.,3,2,$263 
0,Second,  Mr. Erik Gustaf Collander   ,male,28 yrs.,0,0,$13 
0,Second,   Mr. Charles Frederick Waddington Sedgwick   ,male,25 yrs.,0,0,$13 
0,Second,     Mr. Stanley Hubert Fox          ,male,36 yrs.,0,0,$13 
Yes,Second,    Miss. Amelia Brown    ,female,24 yrs.,0,0,$13 
1,2,       Miss. Marion Elsie Smith       ,female,40 yrs.,0,0,$13 
Yes,3,      Mrs. Thomas Henry (Mary E Finck) Davison      ,female,34 yrs.,1,0,$16.10 
1,Third,      Master. William Loch Coutts ,male,3 yrs.,1,1,$15.90 
0,3,        Mr. Jovan Dimic   ,male,42 yrs.,0,0,$8.66 
0,Third, Mr. Nils Martin Odahl   ,male,23 yrs.,0,0,$9.23 
No,First,      Mr. Fletcher Fellows Williams-Lambert    ,male,43 yrs.,0,0,$35 
0,Third,   Mr. Tannous Elias      ,male,15 yrs.,1,1,$7.23 
No,3,  Mr. Josef Arnold-Franchi ,male,25 yrs.,1,0,$17.80 
0,3,    Mr. Wazli Yousif          ,male,23 yrs.,0,0,$7.23 
No,Third,          Mr. Leo Peter Vanden Steen    ,male,28 yrs.,0,0,$9.50 
1,First,   Miss. Elsie Edith Bowerman       ,female,22 yrs.,0,1,$55 
No,2,      Miss. Annie Clemmer Funk        ,female,38 yrs.,0,0,$13 
Yes,3,     Miss. Mary McGovern          ,female,22 yrs.,0,0,$7.88 
Yes,Third,        Miss. Helen Mary Mockler      ,female,23 yrs.,0,0,$7.88 
0,3,         Mr. Wilhelm Skoog      ,male,40 yrs.,1,4,$27.90 
0,Second,         Mr. Sebastiano del Carlo      ,male,29 yrs.,1,0,$27.72 
0,3,     Mrs. (Catherine David) Barbara  ,female,45 yrs.,0,1,$14.45 
0,Third,      Mr. Adola Asim          ,male,35 yrs.,0,0,$7.05 
No,3,      Mr. Thomas O'Brien  ,male,27 yrs.,1,0,$15.50 
0,3,          Mr. Mauritz Nils Martin Adahl       ,male,30 yrs.,0,0,$7.25 
Yes,First,    Mrs. Frank Manley (Anna Sophia Atkinson) Warren        ,female,60 yrs.,1,0,$75.25 
Yes,Third,    Mrs. (Mantoura Boulos) Moussa        ,female,35 yrs.,0,0,$7.23 
1,3,     Miss. Annie Jermyn ,female,22 yrs.,0,0,$7.75 
Yes,First,        Mme. Leontine Pauline Aubart     ,female,24 yrs.,0,0,$69.30 
1,1,     Mr. George Achilles Harder          ,male,25 yrs.,1,0,$55.44 
0,Third,     Mr. Jakob Alfred Wiklund  ,male,18 yrs.,1,0,$6.50 
No,3, Mr. William Thomas Beavan         ,male,19 yrs.,0,0,$8.05 
0,1,       Mr. Sante Ringhini,male,22 yrs.,0,0,$135.63 
0,Third,        Miss. Stina Viola Palsson  ,female,3 yrs.,3,1,$21.08 
Yes,First,     Mrs. Edgar Joseph (Leila Saks) Meyer   ,female,25 yrs.,1,0,$82.17 
1,3,  Miss. Aurora Adelia Landergren ,female,22 yrs.,0,0,$7.25 
0,First,  Mr. Harry Elkins Widener       ,male,27 yrs.,0,2,$211.50 
No,3, Mr. Tannous Betros       ,male,20 yrs.,0,0,$4.01 
No,3,         Mr. Karl Gideon Gustafsson       ,male,19 yrs.,0,0,$7.78 
Yes,1,    Miss. Rosalie Bidois         ,female,42 yrs.,0,0,$227.53 
1,3,       Miss. Maria Nakid  ,female,1 yrs.,0,2,$15.74 
0,Third,         Mr. Juho Tikkanen      ,male,32 yrs.,0,0,$7.93 
Yes,First,      Mrs. Alexander Oskar (Mary Aline Towner) Holverson     ,female,35 yrs.,1,0,$52 
No,Third,    Mr. Vasil Plotcharsky          ,male,27 yrs.,0,0,$7.90 
0,2, Mr. Charles Henry Davies        ,male,18 yrs.,0,0,$73.50 
No,3,   Master. Sidney Leonard Goodwin,male,1 yrs.,5,2,$46.90 
Yes,2, Miss. Kate Buss  ,female,36 yrs.,0,0,$13 
0,Third,    Mr. Matthew Sadlier   ,male,19 yrs.,0,0,$7.73 
1,2,     Miss. Bertha Lehmann ,female,17 yrs.,0,0,$12 
Yes,First,  Mr. William Ernest Carter,male,36 yrs.,1,2,$120 
Yes,3,    Mr. Carl Olof Jansson     ,male,21 yrs.,0,0,$7.80 
0,3,   Mr. Johan Birger Gustafsson    ,male,28 yrs.,2,0,$7.93 
Yes,1,Miss. Marjorie Newell          ,female,23 yrs.,1,0,$113.28 
Yes,3,    Mrs. Hjalmar (Agnes Charlotta Bengtsson) Sandstrom    ,female,24 yrs.,0,2,$16.70 
No,3,          Mr. Erik Johansson       ,male,22 yrs.,0,0,$7.80 
0,3,  Miss. Elina Olsson   ,female,31 yrs.,0,0,$7.85 
0,2,         Mr. Peter David McKane      ,male,46 yrs.,0,0,$26 
No,2,       Dr. Alfred Pain          ,male,23 yrs.,0,0,$10.50 
1,2, Mrs. William H (Jessie L) Trout       ,female,28 yrs.,0,0,$12.65 
1,Third,        Mr. Juha Niskanen,male,39 yrs.,0,0,$7.93 
No,Third,     Mr. John Adams        ,male,26 yrs.,0,0,$8.05 
0,3,    Miss. Mari Aina Jussila ,female,21 yrs.,1,0,$9.83 
No,Third,    Mr. Pekka Pietari Hakkarainen ,male,28 yrs.,1,0,$15.85 
No,Third,        Miss. Marija Oreskovic,female,20 yrs.,0,0,$8.66 
No,Second,     Mr. Shadrach Gale      ,male,34 yrs.,1,0,$21 
No,Third,      Mr. Carl/Charles Peter Widegren        ,male,51 yrs.,0,0,$7.75 
Yes,2, Master. William Rowe Richards        ,male,3 yrs.,1,1,$18.75 
0,3,          Mr. Hans Martin Monsen Birkeland         ,male,21 yrs.,0,0,$7.78 
No,Third,Miss. Ida Lefebre,female,3 yrs.,3,1,$25.47 
No,Third,       Mr. Todor Sdycoff      ,male,42 yrs.,0,0,$7.90 
0,Third,  Mr. Henry Hart          ,male,27 yrs.,0,0,$6.86 
Yes,First,Miss. Daisy E Minahan     ,female,33 yrs.,1,0,$90 
No,2,Mr. Alfred Fleming Cunningham ,male,22 yrs.,0,0,$0 
Yes,3,     Mr. Johan Julian Sundman     ,male,44 yrs.,0,0,$7.93 
No,Third,         Mrs. Thomas (Annie Louise Rowley) Meek        ,female,32 yrs.,0,0,$8.05 
1,Second, Mrs. James Vivian (Lulu Thorne Christian) Drew        ,female,34 yrs.,1,1,$32.50 
Yes,2,          Miss. Lyyli Karoliina Silven         ,female,18 yrs.,0,2,$13 
0,2,          Mr. William John Matthews   ,male,30 yrs.,0,0,$13 
0,Third,     Miss. Catharina Van Impe       ,female,10 yrs.,0,2,$24.15 
No,3,        Mr. David Charters,male,21 yrs.,0,0,$7.73 
0,Third,Mr. Leo Zimmerman       ,male,29 yrs.,0,0,$7.88 
No,Third,    Mrs. Ernst Gilbert (Anna Sigrid Maria Brogren) Danbom  ,female,28 yrs.,1,1,$14.40 
0,Third,       Mr. Viktor Richard Rosblom  ,male,18 yrs.,1,1,$20.21 
No,Third,       Mr. Phillippe Wiseman      ,male,54 yrs.,0,0,$7.25 
Yes,Second,       Mrs. Charles V (Ada Maria Winfield) Clarke    ,female,28 yrs.,1,0,$26 
Yes,2,  Miss. Kate Florence Phillips   ,female,19 yrs.,0,0,$26 
No,3,      Mr. James Flynn   ,male,28 yrs.,0,0,$7.75 
1,3,   Mr. Berk (Berk Trembisky) Pickard      ,male,32 yrs.,0,0,$8.05 
Yes,1,       Mr. Mauritz Hakan Bjornstrom-Steffansson        ,male,28 yrs.,0,0,$26.55 
1,3,          Mrs. Percival (Florence Kate White) Thorneycroft ,female,33 yrs.,1,0,$16.10 
1,Second,    Mrs. Charles Alexander (Alice Adelaide Slow) Louch    ,female,42 yrs.,1,0,$26 
No,3,          Mr. Nikolai Erland Kallio        ,male,17 yrs.,0,0,$7.13 
0,First,     Mr. William Baird Silvey          ,male,50 yrs.,1,0,$55.90 
Yes,1,    Miss. Lucile Polk Carter          ,female,14 yrs.,1,2,$120 
No,Third,    Miss. Doolina Margaret Ford          ,female,21 yrs.,2,2,$34.38 
Yes,Second,   Mrs. Sidney (Emily Hocking) Richards     ,female,24 yrs.,2,3,$18.75 
0,1,          Mr. Mark Fortune         ,male,64 yrs.,1,4,$263 
0,Second,        Mr. Johan Henrik Johannesson Kvillner          ,male,31 yrs.,0,0,$10.50 
Yes,Second,        Mrs. Benjamin (Esther Ada Bloomfield) Hart ,female,45 yrs.,1,1,$26.25 
0,Third, Mr. Leon Hampe     ,male,20 yrs.,0,0,$9.50 
0,Third,          Mr. Johan Emil Petterson    ,male,25 yrs.,1,0,$7.78 
Yes,Second,  Ms. Encarnacion Reynaldo,female,28 yrs.,0,0,$13 
1,Third,   Mr. Bernt Johannesen-Bratthammer      ,male,29 yrs.,0,0,$8.11 
Yes,1,        Master. Washington Dodge      ,male,4 yrs.,0,2,$81.86 
1,Second,     Miss. Madeleine Violet Mellinger  ,female,13 yrs.,0,1,$19.50 
1,First,      Mr. Frederic Kimber Seward,male,34 yrs.,0,0,$26.55 
Yes,Third,   Miss. Marie Catherine Baclini    ,female,5 yrs.,2,1,$19.26 
1,1, Major. Arthur Godfrey Peuchen ,male,52 yrs.,0,0,$30.50 
No,2,    Mr. Edwy Arthur West     ,male,36 yrs.,1,2,$27.75 
No,Third,     Mr. Ingvald Olai Olsen Hagland          ,male,28 yrs.,1,0,$19.97 
No,1,          Mr. Benjamin Laventall Foreman    ,male,30 yrs.,0,0,$27.75 
Yes,First,     Mr. Samuel L Goldenberg   ,male,49 yrs.,1,0,$89.10 
No,Third,Mr. Joseph Peduzzi       ,male,24 yrs.,0,0,$8.05 
Yes,3,  Mr. Ivan Jalsevac,male,29 yrs.,0,0,$7.90 
0,1,     Mr. Francis Davis Millet   ,male,65 yrs.,0,0,$26.55 
Yes,1,     Mrs. Frederick R (Marion) Kenyon        ,female,41 yrs.,1,0,$51.86 
Yes,Second,       Miss. Ellen Toomey   ,female,50 yrs.,0,0,$10.50 
0,Third, Mr. Maurice O'Connor ,male,17 yrs.,0,0,$7.75 
Yes,First,       Mr. Harry Anderson ,male,48 yrs.,0,0,$26.55 
No,3, Mr. William Morley        ,male,34 yrs.,0,0,$8.05 
No,1,       Mr. Arthur H Gee         ,male,47 yrs.,0,0,$38.50 
No,Second,   Mr. Jacob Christian Milling      ,male,48 yrs.,0,0,$13 
0,3,  Mr. Simon Maisner      ,male,34 yrs.,0,0,$8.05 
No,Third,        Mr. Manuel Estanslas Goncalves ,male,38 yrs.,0,0,$7.05 
No,2,   Mr. William Campbell        ,male,21 yrs.,0,0,$0 
0,First,    Mr. John Montgomery Smart         ,male,56 yrs.,0,0,$26.55 
No,Third,         Mr. James Scanlan   ,male,22 yrs.,0,0,$7.73 
Yes,Third,        Miss. Helene Barbara Baclini          ,female,0.75 yrs.,2,1,$19.26 
No,Third,  Mr. Arthur Keefe    ,male,39 yrs.,0,0,$7.25 
No,3,  Mr. Luka Cacic          ,male,38 yrs.,0,0,$8.66 
Yes,Second,   Mrs. Edwy Arthur (Ada Mary Worth) West,female,33 yrs.,1,2,$27.75 
1,2,       Mrs. Amin S (Marie Marthe Thuillard) Jerwan   ,female,23 yrs.,0,0,$13.79 
0,Third,  Miss. Ida Sofia Strandberg       ,female,22 yrs.,0,0,$9.84 
No,First,   Mr. George Quincy Clifford  ,male,40 yrs.,0,0,$52 
No,2,  Mr. Peter Henry Renouf      ,male,34 yrs.,1,0,$21 
No,Third,  Mr. Lewis Richard Braund  ,male,29 yrs.,1,0,$7.05 
No,Third,         Mr. Nils August Karlsson     ,male,22 yrs.,0,0,$7.52 
Yes,3,Miss. Hildur E Hirvonen  ,female,2 yrs.,0,1,$12.29 
No,Third,          Master. Harold Victor Goodwin    ,male,9 yrs.,5,2,$46.90 
No,2,   Mr. Anthony Wood Frost   ,male,37 yrs.,0,0,$0 
No,Third, Mr. Richard Henry Rouse   ,male,50 yrs.,0,0,$8.05 
Yes,Third,  Mrs. (Hedwig) Turkula  ,female,63 yrs.,0,0,$9.59 
1,1,        Mr. Dickinson H Bishop    ,male,25 yrs.,1,0,$91.08 
0,Third,     Miss. Jeannie Lefebre       ,female,8 yrs.,3,1,$25.47 
Yes,First,   Mrs. Frederick Maxfield (Jane Anne Forby) Hoyt    ,female,35 yrs.,1,0,$90 
No,1,   Mr. Edward Austin Kent    ,male,58 yrs.,0,0,$29.70 
No,Third,     Mr. Francis William Somerton       ,male,30 yrs.,0,0,$8.05 
1,Third,        Master. Eden Leslie Coutts    ,male,9 yrs.,1,1,$15.90 
No,Third,    Mr. Konrad Mathias Reiersen Hagland     ,male,19 yrs.,1,0,$19.97 
0,3,        Mr. Einar Windelov ,male,21 yrs.,0,0,$7.25 
0,1,         Mr. Harry Markland Molson     ,male,55 yrs.,0,0,$30.50 
No,1,       Mr. Ramon Artagaveytia          ,male,71 yrs.,0,0,$49.50 
No,3,Mr. Edward Roland Stanley         ,male,21 yrs.,0,0,$8.05 
No,3,        Mr. Gerious Yousseff ,male,26 yrs.,0,0,$14.46 
1,First,  Miss. Elizabeth Mussey Eustis  ,female,54 yrs.,1,0,$78.27 
0,Third,        Mr. Frederick William Shellard      ,male,55 yrs.,0,0,$15.10 
No,First,       Mrs. Hudson J C (Bessie Waldo Daniels) Allison     ,female,25 yrs.,1,2,$151.55 
0,Third,       Mr. Olof Svensson    ,male,24 yrs.,0,0,$7.80 
No,3,        Mr. Petar Calic         ,male,17 yrs.,0,0,$8.66 
0,Third,Miss. Mary Canavan          ,female,21 yrs.,0,0,$7.75 
0,3,     Miss. Bridget Mary O'Sullivan  ,female,21 yrs.,0,0,$7.63 
0,Third,      Miss. Kristina Sofia Laitinen       ,female,37 yrs.,0,0,$9.59 
1,1,  Miss. Roberta Maioni      ,female,16 yrs.,0,0,$86.50 
0,First,   Mr. Victor de Satode Penasco y Castellana,male,18 yrs.,1,0,$108.90 
1,Second,      Mrs. Frederick Charles (Jane Richards) Quick         ,female,33 yrs.,0,2,$26 
1,First,          Mr. George Bradley  ,male,37 yrs.,0,0,$26.55 
No,Third,  Mr. Henry Margido Olsen ,male,28 yrs.,0,0,$22.53 
Yes,Third,     Mr. Fang Lang ,male,26 yrs.,0,0,$56.50 
Yes,Third,Mr. Eugene Patrick Daly        ,male,29 yrs.,0,0,$7.75 
0,3,Mr. James Webber,male,66 yrs.,0,0,$8.05 
Yes,First,     Mr. James Robert McGough  ,male,36 yrs.,0,0,$26.29 
Yes,1,Mrs. Martin (Elizabeth L. Barrett) Rothschild       ,female,54 yrs.,1,0,$59.40 
No,3,  Mr. Satio Coleff         ,male,24 yrs.,0,0,$7.50 
No,1,Mr. William Anderson Walker        ,male,47 yrs.,0,0,$34.02 
Yes,Second,         Mrs. (Amelia Milley) Lemore   ,female,34 yrs.,0,0,$10.50 
No,Third,  Mr. Patrick Ryan          ,male,30 yrs.,0,0,$24.15 
Yes,Second,        Mrs. William A (Florence Agnes Hughes) Angle  ,female,36 yrs.,1,0,$26 
No,3,         Mr. Stefo Pavlovic  ,male,32 yrs.,0,0,$7.90 
1,1, Miss. Anne Perreault ,female,30 yrs.,0,0,$93.50 
0,Third,   Mr. Janko Vovk      ,male,22 yrs.,0,0,$7.90 
0,3,Mr. Sarkis Lahoud        ,male,35 yrs.,0,0,$7.23 
Yes,1, Mrs. Louis Albert (Ida Sophia Fischer) Hippach   ,female,44 yrs.,0,1,$57.98 
0,Third,    Mr. Fared Kassem,male,18 yrs.,0,0,$7.23 
No,Third,   Mr. James Farrell       ,male,40.5 yrs.,0,0,$7.75 
1,Second,         Miss. Lucy Ridsdale ,female,50 yrs.,0,0,$10.50 
No,1,         Mr. John Farthing ,male,49 yrs.,0,0,$221.78 
0,Third,   Mr. Johan Werner Salonen ,male,39 yrs.,0,0,$7.93 
No,2, Mr. Richard George Hocking   ,male,23 yrs.,2,1,$11.50 
1,Second,    Miss. Phyllis May Quick  ,female,2 yrs.,1,1,$26 
No,3,        Mr. Nakli Toufik     ,male,17 yrs.,0,0,$7.23 
No,Third,   Mr. Joseph Jr Elias        ,male,17 yrs.,1,1,$7.23 
Yes,3,        Mrs. Catherine (Catherine Rizk) Peter         ,female,24 yrs.,0,2,$22.36 
No,Third,     Miss. Marija Cacic         ,female,30 yrs.,0,0,$8.66 
Yes,2,   Miss. Eva Miriam Hart        ,female,7 yrs.,0,2,$26.25 
0,1,     Major. Archibald Willingham Butt          ,male,45 yrs.,0,0,$26.55 
Yes,1,      Miss. Bertha LeRoy        ,female,30 yrs.,0,0,$106.43 
No,3,         Mr. Samuel Beard Risien  ,male,69 yrs.,0,0,$14.50 
1,1,  Miss. Hedwig Margaritha Frolicher          ,female,22 yrs.,0,2,$49.50 
1,First,Miss. Harriet R Crosby     ,female,36 yrs.,0,2,$71 
No,Third,       Miss. Ingeborg Constanzia Andersson      ,female,9 yrs.,4,2,$31.28 
No,Third,  Miss. Sigrid Elisabeth Andersson        ,female,11 yrs.,4,2,$31.28 
Yes,2,       Mr. Edward Beane ,male,32 yrs.,1,0,$26 
No,First,  Mr. Walter Donald Douglas      ,male,50 yrs.,1,0,$106.43 
No,1,   Mr. Arthur Ernest Nicholson,male,64 yrs.,0,0,$26 
Yes,2,         Mrs. Edward (Ethel Clarke) Beane       ,female,19 yrs.,1,0,$26 
Yes,Second,         Mr. Julian Padro y Manent       ,male,27 yrs.,0,0,$13.86 
No,3, Mr. Frank John Goldsmith        ,male,33 yrs.,1,1,$20.53 
Yes,2, Master. John Morgan Jr Davies   ,male,8 yrs.,1,1,$36.75 
1,First,Mr. John Borland Jr Thayer       ,male,17 yrs.,0,2,$110.88 
0,2,Mr. Percival James R Sharp  ,male,27 yrs.,0,0,$26 
0,Third,        Mr. Timothy O'Brien     ,male,21 yrs.,0,0,$7.83 
1,3,       Mr. Fahim Leeni        ,male,22 yrs.,0,0,$7.23 
Yes,Third,      Miss. Velin Ohman    ,female,22 yrs.,0,0,$7.78 
0,First,     Mr. George Wright  ,male,62 yrs.,0,0,$26.55 
Yes,1,          Lady. (Lucille Christiana Sutherland)Duff Gordon   ,female,48 yrs.,1,0,$39.60 
0,First,        Mr. Victor Robbins     ,male,45 yrs.,0,0,$227.53 
1,First,       Mrs. Emil (Tillie Mandelbaum) Taussig  ,female,39 yrs.,1,1,$79.65 
1,Third,   Mrs. Guillaume Joseph (Emma) de Messemaeker,female,36 yrs.,1,0,$17.40 
No,Third,       Mr. Thomas Rowan Morrow ,male,30 yrs.,0,0,$7.75 
0,3,      Mr. Husein Sivic  ,male,40 yrs.,0,0,$7.90 
0,Second,          Mr. Robert Douglas Norman        ,male,28 yrs.,0,0,$13.50 
No,Third,          Mr. John Simmons         ,male,40 yrs.,0,0,$8.05 
0,Third,    Miss. (Marion Ogden) Meanwell     ,female,62 yrs.,0,0,$8.05 
No,Third,        Mr. Alfred J Davies  ,male,24 yrs.,2,0,$24.15 
No,3,          Mr. Ilia Stoytcheff         ,male,19 yrs.,0,0,$7.90 
No,3,     Mrs. Nils (Alma Cornelia Berglund) Palsson ,female,29 yrs.,0,4,$21.08 
No,Third,     Mr. Tannous Doharr        ,male,28 yrs.,0,0,$7.23 
1,3,Mr. Carl Jonsson      ,male,32 yrs.,0,0,$7.85 
Yes,Second,          Mr. George Harris         ,male,62 yrs.,0,0,$10.50 
Yes,1,  Mrs. Edward Dale (Charlotte Lamson) Appleton     ,female,53 yrs.,2,0,$51.48 
Yes,First,      Mr. John Irwin Flynn   ,male,36 yrs.,0,0,$26.39 
Yes,Third,          Miss. Mary Kelly         ,female,22 yrs.,0,0,$7.75 
No,3,  Mr. Alfred George John Rush  ,male,16 yrs.,0,0,$8.05 
0,Third,         Mr. George Patchett  ,male,19 yrs.,0,0,$14.50 
1,2,      Miss. Ethel Garside        ,female,34 yrs.,0,0,$13 
1,First,        Mrs. William Baird (Alice Munger) Silvey       ,female,39 yrs.,1,0,$55.90 
No,Third,         Mrs. Joseph (Maria Elias) Caram,female,18 yrs.,1,0,$14.46 
1,3, Mr. Eiriik Jussila        ,male,32 yrs.,0,0,$7.93 
Yes,Second,     Miss. Julie Rachel Christy,female,25 yrs.,1,1,$30 
1,First,  Mrs. John Borland (Marian Longstreth Morris) Thayer        ,female,39 yrs.,1,1,$110.88 
No,2,    Mr. William James Downton      ,male,54 yrs.,0,0,$26 
No,1,         Mr. John Hugo Ross  ,male,36 yrs.,0,0,$40.13 
No,Third,Mr. Uscher Paulner      ,male,16 yrs.,0,0,$8.71 
1,First,       Miss. Ruth Taussig        ,female,18 yrs.,0,2,$79.65 
No,2,    Mr. John Denzil Jarvis    ,male,47 yrs.,0,0,$15 
Yes,First, Mr. Maxmillian Frolicher-Stehli          ,male,60 yrs.,1,1,$79.20 
0,3, Mr. Eliezer Gilinski  ,male,22 yrs.,0,0,$8.05 
No,3,   Mr. Joseph Murdlin    ,male,22 yrs.,0,0,$8.05 
No,3,      Mr. Matti Rintamaki ,male,35 yrs.,0,0,$7.13 
Yes,1,    Mrs. Walter Bertram (Martha Eustis) Stephenson,female,52 yrs.,1,0,$78.27 
0,3, Mr. William James Elsbury   ,male,47 yrs.,0,0,$7.25 
No,Third,       Miss. Mary Bourke          ,female,40 yrs.,0,2,$7.75 
0,Second,    Mr. John Henry Chapman    ,male,37 yrs.,1,0,$26 
0,Third,        Mr. Jean Baptiste Van Impe          ,male,36 yrs.,1,1,$24.15 
Yes,2,        Miss. Jessie Wills Leitch     ,female,31 yrs.,0,0,$33 
0,Third,  Mr. Alfred Johnson      ,male,49 yrs.,0,0,$0 
No,3,   Mr. Hanna Boulos  ,male,18 yrs.,0,0,$7.23 
1,First,     Sir. Cosmo Edmund Duff Gordon       ,male,49 yrs.,1,0,$56.93 
1,Second,Mrs. Sidney Samuel (Amy Frances Christy) Jacobsohn    ,female,24 yrs.,2,1,$27 
No,3, Mr. Petco Slabenoff         ,male,42 yrs.,0,0,$7.90 
0,1,     Mr. Charles H Harrington         ,male,37 yrs.,0,0,$42.40 
0,3,         Mr. Ernst William Torber      ,male,44 yrs.,0,0,$8.05 
Yes,First,      Mr. Harry Homer    ,male,35 yrs.,0,0,$26.55 
No,3,   Mr. Edvard Bengtsson Lindell   ,male,36 yrs.,1,0,$15.55 
0,Third, Mr. Milan Karaic ,male,30 yrs.,0,0,$7.90 
Yes,First,  Mr. Robert Williams Daniel        ,male,27 yrs.,0,0,$30.50 
Yes,2,   Mrs. Joseph (Juliette Marie Louise Lafargue) Laroche         ,female,22 yrs.,1,2,$41.58 
Yes,1,      Miss. Elizabeth W Shutes      ,female,40 yrs.,0,0,$153.46 
0,Third,   Mrs. Anders Johan (Alfrida Konstantia Brogren) Andersson       ,female,39 yrs.,1,5,$31.28 
No,Third,         Mr. Jose Neto Jardin          ,male,21 yrs.,0,0,$7.05 
1,3,   Miss. Margaret Jane Murphy,female,18 yrs.,1,0,$15.50 
0,3,      Mr. John Horgan,male,22 yrs.,0,0,$7.75 
No,Third,     Mr. William Alfred Brocklebank  ,male,35 yrs.,0,0,$8.05 
1,Second,      Miss. Alice Herman   ,female,24 yrs.,1,2,$65 
0,3,          Mr. Ernst Gilbert Danbom        ,male,34 yrs.,1,1,$14.40 
No,Third, Mrs. William Arthur (Cordelia K Stanlick) Lobb   ,female,26 yrs.,1,0,$16.10 
1,2,Miss. Marion Louise Becker   ,female,4 yrs.,2,1,$39 
No,2,         Mr. Lawrence Gavey     ,male,26 yrs.,0,0,$10.50 
No,3,          Mr. Antoni Yasbeck ,male,27 yrs.,1,0,$14.45 
Yes,1,          Mr. Edwin Nelson Jr Kimball      ,male,42 yrs.,1,0,$52.55 
1,Third,     Mr. Sahid Nakid    ,male,20 yrs.,1,1,$15.74 
0,Third,  Mr. Henry Damsgaard Hansen         ,male,21 yrs.,0,0,$7.85 
No,Third,     Mr. David John Bowen  ,male,21 yrs.,0,0,$16.10 
0,First,       Mr. Frederick Sutton          ,male,61 yrs.,0,0,$32.32 
No,2,        Rev. Charles Leonard Kirkland          ,male,57 yrs.,0,0,$12.35 
1,First,    Miss. Gretchen Fiske Longley  ,female,21 yrs.,0,0,$77.96 
0,3,   Mr. Guentcho Bostandyeff      ,male,26 yrs.,0,0,$7.90 
No,3, Mr. Patrick D O'Connell     ,male,18 yrs.,0,0,$7.73 
1,First,       Mr. Algernon Henry Wilson Barkworth,male,80 yrs.,0,0,$30 
0,3,Mr. Johan Svensson Lundahl  ,male,51 yrs.,0,0,$7.05 
1,1,          Dr. Max Stahelin-Maeglin        ,male,32 yrs.,0,0,$30.50 
No,First,          Mr. William Henry Marsh Parr         ,male,30 yrs.,0,0,$0 
0,3,       Miss. Mabel Skoog       ,female,9 yrs.,3,2,$27.90 
Yes,Second, Miss. Mary Davis    ,female,28 yrs.,0,0,$13 
No,3,     Mr. Antti Gustaf Leinonen          ,male,32 yrs.,0,0,$7.93 
No,2,Mr. Harvey Collyer ,male,31 yrs.,1,1,$26.25 
0,Third,    Mrs. Juha (Maria Emilia Ojala) Panula ,female,41 yrs.,0,5,$39.69 
0,3,     Mr. Percival Thorneycroft      ,male,37 yrs.,1,0,$16.10 
0,3,       Mr. Hans Peder Jensen    ,male,20 yrs.,0,0,$7.85 
1,First,   Mlle. Emma Sagesser     ,female,24 yrs.,0,0,$69.30 
No,Third,      Miss. Margit Elizabeth Skoog    ,female,2 yrs.,3,2,$27.90 
Yes,Third,          Mr. Choong Foo      ,male,32 yrs.,0,0,$56.50 
1,3,      Miss. Eugenie Baclini,female,0.75 yrs.,2,1,$19.26 
Yes,First,    Mr. Henry Sleeper Harper  ,male,48 yrs.,1,0,$76.73 
No,Third,         Mr. Liudevit Cor     ,male,19 yrs.,0,0,$7.90 
Yes,1,          Col. Oberst Alfons Simonius-Blumer    ,male,56 yrs.,0,0,$35.50 
No,Third,   Mr. Edward Willey  ,male,21 yrs.,0,0,$7.55 
Yes,3,  Miss. Amy Zillah Elsie Stanley       ,female,23 yrs.,0,0,$7.55 
No,Third,      Mr. Mito Mitkoff   ,male,23 yrs.,0,0,$7.90 
1,2,      Miss. Elsie Doling   ,female,18 yrs.,0,1,$23 
No,3,      Mr. Johannes Halvorsen Kalvik   ,male,21 yrs.,0,0,$8.43 
Yes,Third,    Miss. Hanora O'Leary  ,female,16 yrs.,0,0,$7.83 
0,Third,   Miss. Hanora Hegarty      ,female,18 yrs.,0,0,$6.75 
0,Second,   Mr. Leonard Mark Hickman   ,male,24 yrs.,2,0,$73.50 
0,Third,  Mr. Alexander Radeff          ,male,27 yrs.,0,0,$7.90 
No,3,    Mrs. John (Catherine) Bourke      ,female,32 yrs.,1,1,$15.50 
0,Second,    Mr. George Floyd Eitemiller  ,male,23 yrs.,0,0,$13 
0,First,   Mr. Arthur Webster Newell,male,58 yrs.,0,2,$113.28 
1,1, Dr. Henry William Frauenthal,male,50 yrs.,2,0,$133.65 
0,Third,         Mr. Mohamed Badt   ,male,40 yrs.,0,0,$7.23 
0,1, Mr. Edward Pomeroy Colley    ,male,47 yrs.,0,0,$25.59 
0,3,   Mr. Peju Coleff    ,male,36 yrs.,0,0,$7.50 
Yes,3,  Mr. Eino William Lindqvist          ,male,20 yrs.,1,0,$7.93 
No,2,         Mr. Lewis Hickman,male,32 yrs.,2,0,$73.50 
No,2,Mr. Reginald Fenton Butler         ,male,25 yrs.,0,0,$13 
0,3,        Mr. Knud Paust Rommetvedt   ,male,49 yrs.,0,0,$7.78 
0,3,     Mr. Jacob Cook         ,male,43 yrs.,0,0,$8.05 
Yes,First,          Mrs. Elmer Zebley (Juliet Cummins Wright) Taylor   ,female,48 yrs.,1,0,$52 
Yes,Second,        Mrs. Thomas William Solomon (Elizabeth Catherine Ford) Brown       ,female,40 yrs.,1,1,$39 
No,First,          Mr. Thornton Davidson         ,male,31 yrs.,1,0,$52 
No,Second,       Mr. Henry Michael Mitchell        ,male,70 yrs.,0,0,$10.50 
1,Second,    Mr. Charles Wilhelms   ,male,31 yrs.,0,0,$13 
No,Second, Mr. Ennis Hastings Watson        ,male,19 yrs.,0,0,$0 
No,Third,    Mr. Gustaf Hjalmar Edvardsson,male,18 yrs.,0,0,$7.78 
No,Third,  Mr. Frederick Charles Sawyer        ,male,24.5 yrs.,0,0,$8.05 
1,3,     Miss. Anna Sofia Turja    ,female,18 yrs.,0,0,$9.84 
0,Third,       Mrs. Frederick (Augusta Tyler) Goodwin          ,female,43 yrs.,1,6,$46.90 
Yes,1,    Mr. Thomas Drake Martinez Cardeza         ,male,36 yrs.,0,1,$512.33 
No,Third,   Miss. Katie Peters       ,female,28 yrs.,0,0,$8.14 
Yes,First, Mr. Hammad Hassab       ,male,27 yrs.,0,0,$76.73 
0,3,      Mr. Thor Anderson Olsvigen         ,male,20 yrs.,0,0,$9.23 
No,3,  Mr. Charles Edward Goodwin,male,14 yrs.,5,2,$46.90 
No,2,       Mr. Thomas William Solomon Brown ,male,60 yrs.,1,1,$39 
0,Second,    Mr. Joseph Philippe Lemercier Laroche          ,male,25 yrs.,1,2,$41.58 
0,Third,      Mr. Jaako Arnold Panula ,male,14 yrs.,4,1,$39.69 
No,Third,      Mr. Branko Dakic     ,male,19 yrs.,0,0,$10.17 
0,3,      Mr. Eberhard Thelander Fischer  ,male,18 yrs.,0,0,$7.80 
Yes,1,  Miss. Georgette Alexandra Madill        ,female,15 yrs.,0,1,$211.34 
Yes,1,  Mr. Albert Adrian Dick      ,male,31 yrs.,1,0,$57 
Yes,3,Miss. Manca Karun ,female,4 yrs.,0,1,$13.42 
1,3,        Mr. Ali Lam        ,male,37 yrs.,0,0,$56.50 
No,Third,  Mr. Khalil Saad      ,male,25 yrs.,0,0,$7.23 
No,First,          Col. John Weir      ,male,60 yrs.,0,0,$26.55 
0,Second,       Mr. Charles Henry Chapman        ,male,52 yrs.,0,0,$13.50 
No,3,   Mr. James Kelly    ,male,44 yrs.,0,0,$8.05 
Yes,Third,Miss. Katherine Mullens          ,female,19 yrs.,0,0,$7.73 
0,1,   Mr. John Borland Thayer ,male,49 yrs.,1,1,$110.88 
No,Third,    Mr. Adolf Mathias Nicolai Olsen Humblen,male,42 yrs.,0,0,$7.65 
1,1,     Mrs. John Jacob (Madeleine Talmadge Force) Astor     ,female,18 yrs.,1,0,$227.53 
Yes,First,        Mr. Spencer Victor Silverthorne    ,male,35 yrs.,0,0,$26.29 
0,Third,      Miss. Saiide Barbara    ,female,18 yrs.,0,1,$14.45 
0,3,     Mr. Martin Gallagher  ,male,25 yrs.,0,0,$7.74 
0,3,     Mr. Henrik Juul Hansen     ,male,26 yrs.,1,0,$7.85 
0,2,      Mr. Henry Samuel Morley   ,male,39 yrs.,0,0,$26 
1,2,       Mrs. Florence Kelly   ,female,45 yrs.,0,0,$13.50 
Yes,1,          Mr. Edward Pennington Calderhead,male,42 yrs.,0,0,$26.29 
1,First,          Miss. Alice Cleaver  ,female,22 yrs.,0,0,$151.55 
Yes,Third,      Master. Halim Gonios Moubarek,male,4 yrs.,1,1,$15.25 
Yes,First,   Mlle. Berthe Antonine Mayne         ,female,24 yrs.,0,0,$49.50 
0,1,         Mr. Herman Klaber     ,male,41 yrs.,0,0,$26.55 
Yes,1,     Mr. Elmer Zebley Taylor     ,male,48 yrs.,1,0,$52 
0,Third,  Mr. August Viktor Larsson          ,male,29 yrs.,0,0,$9.48 
0,Second,         Mr. Samuel Greenberg,male,52 yrs.,0,0,$13 
0,Third,Mr. Peter Andreas Lauritz Andersen Soholt       ,male,19 yrs.,0,0,$7.65 
1,First,        Miss. Caroline Louise Endres     ,female,38 yrs.,0,0,$227.53 
1,Second,       Miss. Edwina Celia Troutt     ,female,27 yrs.,0,0,$10.50 
No,Third,       Mr. Malkolm Joackim Johnson          ,male,33 yrs.,0,0,$7.78 
1,2,    Miss. Annie Jessie Harper        ,female,6 yrs.,0,1,$33 
No,3,     Mr. Svend Lauritz Jensen  ,male,17 yrs.,1,0,$7.05 
No,2,  Mr. William Henry Gillespie  ,male,34 yrs.,0,0,$13 
0,2, Mr. Henry Price Hodges  ,male,50 yrs.,0,0,$13 
Yes,1,Mr. Norman Campbell Chambers        ,male,27 yrs.,1,0,$53.10 
0,Third,     Mr. Luka Oreskovic ,male,20 yrs.,0,0,$8.66 
1,2,Mrs. Peter Henry (Lillian Jefferys) Renouf ,female,30 yrs.,3,0,$21 
Yes,Third,         Miss. Margareth Mannion        ,female,28 yrs.,0,0,$7.74 
No,2,     Mr. Kurt Arnold Gottfrid Bryhl    ,male,25 yrs.,1,0,$26 
No,3,     Miss. Pieta Sofia Ilmakangas   ,female,25 yrs.,1,0,$7.93 
Yes,1,Miss. Elisabeth Walton Allen    ,female,29 yrs.,0,0,$211.34 
No,3,          Mr. Houssein G N Hassan        ,male,11 yrs.,0,0,$18.79 
0,Second,    Mr. Robert J Knight  ,male,41 yrs.,0,0,$0 
No,2,         Mr. William John Berriman     ,male,23 yrs.,0,0,$13 
0,Second,      Mr. Moses Aaron Troupiansky ,male,23 yrs.,0,0,$13 
No,Third,  Mr. Leslie Williams         ,male,28.5 yrs.,0,0,$16.10 
No,3, Mrs. Edward (Margaret Ann Watson) Ford ,female,48 yrs.,1,3,$34.38 
Yes,First,Mr. Gustave J Lesurer      ,male,35 yrs.,0,0,$512.33 
No,Third,     Mr. Kanio Ivanoff     ,male,20 yrs.,0,0,$7.90 
0,3,  Mr. Minko Nankoff     ,male,32 yrs.,0,0,$7.90 
Yes,1,      Mr. Walter James Hawksford          ,male,45 yrs.,0,0,$30 
No,First,Mr. Tyrell William Cavendish          ,male,36 yrs.,1,0,$78.85 
Yes,First,     Miss. Susan Parker Ryerson ,female,21 yrs.,2,2,$262.38 
No,Third,  Mr. Neal McNamee     ,male,24 yrs.,1,0,$16.10 
1,3,    Mr. Juho Stranden    ,male,31 yrs.,0,0,$7.93 
0,1,  Capt. Edward Gifford Crosby       ,male,70 yrs.,1,1,$71 
0,Third,        Mr. Rossmore Edward Abbott    ,male,16 yrs.,1,1,$20.25 
1,Second,       Miss. Anna Sinkkonen       ,female,30 yrs.,0,0,$13 
0,1,   Mr. Daniel Warner Marvin      ,male,19 yrs.,1,0,$53.10 
No,Third,       Mr. Michael Connaghton ,male,31 yrs.,0,0,$7.75 
1,Second,          Miss. Joan Wells        ,female,4 yrs.,1,1,$23 
Yes,3,    Master. Meier Moor     ,male,6 yrs.,0,1,$12.48 
0,3,        Mr. Johannes Joseph Vande Velde     ,male,33 yrs.,0,0,$9.50 
0,3,  Mr. Lalio Jonkoff      ,male,23 yrs.,0,0,$7.90 
Yes,Second, Mrs. Samuel (Jane Laver) Herman ,female,48 yrs.,1,2,$65 
1,2,       Master. Viljo Hamalainen       ,male,0.67 yrs.,1,1,$14.50 
0,3, Mr. August Sigfrid Carlsson      ,male,28 yrs.,0,0,$7.80 
No,Second,    Mr. Percy Andrew Bailey         ,male,18 yrs.,0,0,$11.50 
No,Third,     Mr. Thomas Leonard Theobald      ,male,34 yrs.,0,0,$8.05 
1,First,          the Countess. of (Lucy Noel Martha Dyer-Edwards) Rothes        ,female,33 yrs.,0,0,$86.50 
0,3,Mr. John Garfirth         ,male,23 yrs.,0,0,$14.50 
No,Third,    Mr. Iisakki Antino Aijo Nirva      ,male,41 yrs.,0,0,$7.13 
Yes,Third,   Mr. Hanna Assi Barah         ,male,20 yrs.,0,0,$7.23 
1,First,     Mrs. William Ernest (Lucile Polk) Carter   ,female,36 yrs.,1,2,$120 
No,3,        Mr. Hans Linus Eklund    ,male,16 yrs.,0,0,$7.78 
1,1, Mrs. John C (Anna Andrews) Hogeboom      ,female,51 yrs.,1,0,$77.96 
No,First,Dr. Arthur Jackson Brewe,male,46 yrs.,0,0,$39.60 
0,3,   Miss. Mary Mangan          ,female,30.5 yrs.,0,0,$7.75 
0,3,          Mr. Daniel J Moran   ,male,28 yrs.,1,0,$24.15 
0,3,        Mr. Daniel Danielsen Gronnestad,male,32 yrs.,0,0,$8.36 
0,Third,          Mr. Rene Aime Lievens    ,male,24 yrs.,0,0,$9.50 
No,3,       Mr. Niels Peder Jensen          ,male,48 yrs.,0,0,$7.85 
No,Second, Mrs. (Mary) Mack,female,57 yrs.,0,0,$10.50 
No,3,        Mr. Dibo Elias          ,male,29 yrs.,0,0,$7.23 
1,2,       Mrs. Elizabeth (Eliza Needs) Hocking ,female,54 yrs.,1,3,$23 
0,3,        Mr. Pehr Fabian Oliver Malkolm Myhrman ,male,18 yrs.,0,0,$7.75 
0,Third,       Mr. Roger Tobin    ,male,20 yrs.,0,0,$7.75 
Yes,3, Miss. Virginia Ethel Emanuel      ,female,5 yrs.,0,0,$12.48 
No,Third,      Mr. Thomas J Kilgannon     ,male,22 yrs.,0,0,$7.74 
1,First,        Mrs. Edward Scott (Elisabeth Walton McMillan) Robert      ,female,43 yrs.,0,1,$211.34 
1,Third,     Miss. Banoura Ayoub        ,female,13 yrs.,0,0,$7.23 
Yes,First,      Mrs. Albert Adrian (Vera Gillespie) Dick         ,female,17 yrs.,1,0,$57 
0,First,     Mr. Milton Clyde Long      ,male,29 yrs.,0,0,$30 
No,3, Mr. Andrew G Johnston  ,male,35 yrs.,1,2,$23.45 
No,Third,        Mr. William Ali        ,male,25 yrs.,0,0,$7.05 
0,3,   Mr. Abraham (David Lishin) Harmer          ,male,25 yrs.,0,0,$7.25 
Yes,Third,         Miss. Anna Sofia Sjoblom        ,female,18 yrs.,0,0,$7.50 
0,Third,          Master. George Hugh Rice   ,male,8 yrs.,4,1,$29.13 
1,3,    Master. Bertram Vere Dean    ,male,1 yrs.,1,2,$20.58 
No,1,   Mr. Benjamin Guggenheim    ,male,46 yrs.,0,0,$79.20 
No,Third,          Mr. Andrew Keane   ,male,20 yrs.,0,0,$7.75 
No,Second,        Mr. Alfred Gaskell          ,male,16 yrs.,0,0,$26 
No,3,     Miss. Stella Anna Sage ,female,21 yrs.,8,2,$69.55 
No,First,  Mr. William Fisher Hoyt   ,male,43 yrs.,0,0,$30.70 
No,3,       Mr. Ristiu Dantcheff     ,male,25 yrs.,0,0,$7.90 
0,2,      Mr. Richard Otter       ,male,39 yrs.,0,0,$13 
Yes,First, Dr. Alice (Farnham) Leader        ,female,49 yrs.,0,0,$25.93 
Yes,Third,    Mrs. Mara Osman ,female,31 yrs.,0,0,$8.68 
0,Third,Mr. Yousseff Ibrahim Shawah        ,male,30 yrs.,0,0,$7.23 
0,3,        Mrs. Jean Baptiste (Rosalie Paula Govaert) Van Impe   ,female,30 yrs.,1,1,$24.15 
0,Second,          Mr. Martin Ponesell,male,34 yrs.,0,0,$13 
Yes,Second,Mrs. Harvey (Charlotte Annie Tate) Collyer         ,female,31 yrs.,1,1,$26.25 
Yes,First,   Master. William Thornton II Carter   ,male,11 yrs.,1,2,$120 
Yes,3,         Master. Assad Alexander Thomas   ,male,0.42 yrs.,0,1,$8.52 
Yes,Third,      Mr. Oskar Arvid Hedman ,male,27 yrs.,0,0,$6.98 
0,3,      Mr. Karl Johan Johansson     ,male,31 yrs.,0,0,$7.78 
No,1,    Mr. Thomas Jr Andrews      ,male,39 yrs.,0,0,$0 
0,3,        Miss. Ellen Natalia Pettersson          ,female,18 yrs.,0,0,$7.78 
No,2,     Mr. August Meyer   ,male,39 yrs.,0,0,$13 
Yes,1,   Mrs. Norman Campbell (Bertha Griggs) Chambers  ,female,33 yrs.,1,0,$53.10 
No,3, Mr. William Alexander   ,male,26 yrs.,0,0,$7.89 
0,Third,  Mr. James Lester ,male,39 yrs.,0,0,$24.15 
No,2,     Mr. Richard James Slemen          ,male,35 yrs.,0,0,$10.50 
0,Third,  Miss. Ebba Iris Alfrida Andersson  ,female,6 yrs.,4,2,$31.28 
No,Third,Mr. Ernest Portage Tomlin       ,male,30.5 yrs.,0,0,$8.05 
0,1,        Mr. Richard Fry ,male,39 yrs.,0,0,$0 
0,3, Miss. Wendla Maria Heininen ,female,23 yrs.,0,0,$7.93 
No,Second,    Mr. Albert Mallet     ,male,31 yrs.,1,1,$37.00 
0,Third,         Mr. John Fredrik Alexander Holm        ,male,43 yrs.,0,0,$6.45 
No,3,Master. Karl Thorsten Skoog  ,male,10 yrs.,3,2,$27.90 
Yes,First,Mrs. Charles Melville (Clara Jennings Gregg) Hays         ,female,52 yrs.,1,1,$93.50 
Yes,3,       Mr. Nikola Lulic        ,male,27 yrs.,0,0,$8.66 
No,1,       Jonkheer. John George Reuchlin,male,38 yrs.,0,0,$0 
1,3,      Mrs. (Beila) Moor       ,female,27 yrs.,0,1,$12.48 
0,Third,Master. Urho Abraham Panula,male,2 yrs.,4,1,$39.69 
No,3,     Mr. John Flynn        ,male,36 yrs.,0,0,$6.95 
0,Third, Mr. Len Lam          ,male,23 yrs.,0,0,$56.50 
Yes,Second,          Master. Andre Mallet    ,male,1 yrs.,0,2,$37.00 
1,3,  Mr. Thomas Joseph McCormack        ,male,19 yrs.,0,0,$7.75 
Yes,First,      Mrs. George Nelson (Martha Evelyn) Stone    ,female,62 yrs.,0,0,$80 
1,3,       Mrs. Antoni (Selini Alexander) Yasbeck         ,female,15 yrs.,1,0,$14.45 
1,2,     Master. George Sibley Richards      ,male,0.83 yrs.,1,1,$18.75 
No,Third,  Mr. Amin Saad          ,male,30 yrs.,0,0,$7.23 
No,Third,        Mr. Albert Augustsson  ,male,23 yrs.,0,0,$7.85 
0,3,   Mr. Owen George Allum         ,male,18 yrs.,0,0,$8.30 
1,First,Miss. Sara Rebecca Compton     ,female,39 yrs.,1,1,$83.16 
No,3,       Mr. Jakob Pasic  ,male,21 yrs.,0,0,$8.66 
0,Third,       Mr. Maurice Sirota       ,male,20 yrs.,0,0,$8.05 
1,Third,    Mr. Chang Chip        ,male,32 yrs.,0,0,$56.50 
Yes,1,          Mr. Pierre Marechal      ,male,29 yrs.,0,0,$29.70 
No,Third,          Mr. Ilmari Rudolf Alhomaki        ,male,20 yrs.,0,0,$7.93 
0,Second,   Mr. Thomas Charles Mudd  ,male,16 yrs.,0,0,$10.50 
1,1,          Miss. Augusta Serepeca,female,30 yrs.,0,0,$31 
No,3,Mr. Peter L Lemberopolous         ,male,34.5 yrs.,0,0,$6.44 
No,3,        Mr. Jeso Culumovic ,male,17 yrs.,0,0,$8.66 
No,3,         Mr. Anthony Abbing  ,male,42 yrs.,0,0,$7.55 
0,Third,       Mr. Douglas Bullen Sage  ,male,18 yrs.,8,2,$69.55 
0,Third,   Mr. Marin Markoff       ,male,35 yrs.,0,0,$7.90 
0,Second,   Rev. John Harper         ,male,28 yrs.,0,1,$33 
Yes,1,     Mrs. Samuel L (Edwiga Grabowska) Goldenberg,female,40 yrs.,1,0,$89.10 
0,Third,   Master. Sigvard Harald Elias Andersson       ,male,4 yrs.,4,2,$31.28 
0,3,        Mr. Johan Svensson          ,male,74 yrs.,0,0,$7.78 
0,Third,         Miss. Nourelain Boulos  ,female,9 yrs.,1,1,$15.25 
1,First,      Miss. Mary Conover Lines       ,female,16 yrs.,0,1,$39.40 
0,2,   Mrs. Ernest Courtenay (Lilian Hughes) Carter       ,female,44 yrs.,1,0,$26 
Yes,Third,     Mrs. Sam (Leah Rosen) Aks          ,female,18 yrs.,0,1,$9.35 
1,1,          Mrs. George Dennick (Mary Hitchcock) Wick      ,female,45 yrs.,1,1,$164.87 
Yes,First,     Mr. Peter Denis Daly,male,51 yrs.,0,0,$26.55 
Yes,Third,          Mrs. Solomon (Latifa Qurban) Baclini ,female,24 yrs.,0,3,$19.26 
No,Third,      Mr. Raihed Razi  ,male,30 yrs.,0,0,$7.23 
0,Third,     Mr. Claus Peter Hansen,male,41 yrs.,2,0,$14.11 
0,2,     Mr. Frederick Edward Giles,male,21 yrs.,1,0,$11.50 
1,1,Mrs. Frederick Joel (Margaret Welles Barron) Swift         ,female,48 yrs.,0,0,$25.93 
0,3,        Miss. Dorothy Edith Sage          ,female,14 yrs.,8,2,$69.55 
0,2,  Mr. John William Gill  ,male,24 yrs.,0,0,$13 
Yes,2,   Mrs. (Karolina) Bystrom  ,female,42 yrs.,0,0,$13 
Yes,2, Miss. Asuncion Duran y More        ,female,27 yrs.,1,0,$13.86 
0,1,     Mr. Washington Augustus II Roebling          ,male,31 yrs.,0,0,$50.50 
0,3,Mr. Philemon van Melkebeke       ,male,23 yrs.,0,0,$9.50 
Yes,3,         Master. Harold Theodor Johnson     ,male,4 yrs.,1,1,$11.13 
No,3,          Mr. Cerin Balkic        ,male,26 yrs.,0,0,$7.90 
Yes,1,        Mrs. Richard Leonard (Sallie Monypeny) Beckwith          ,female,47 yrs.,1,1,$52.55 
0,First,Mr. Frans Olof Carlsson          ,male,33 yrs.,0,0,$5 
0,Third,Mr. Victor Vander Cruyssen          ,male,47 yrs.,0,0,$9 
1,Second,Mrs. Samuel (Hannah Wizosky) Abelson      ,female,28 yrs.,1,0,$24 
1,Third,    Miss. Adele Kiamie Najib       ,female,15 yrs.,0,0,$7.23 
No,3,        Mr. Alfred Ossian Gustafsson     ,male,20 yrs.,0,0,$9.85 
0,Third,     Mr. Nedelio Petroff         ,male,19 yrs.,0,0,$7.90 
No,3,      Mr. Kristo Laleff ,male,23 yrs.,0,0,$7.90 
Yes,First,Mrs. Thomas Jr (Lily Alexenia Wilson) Potter      ,female,56 yrs.,0,1,$83.16 
Yes,2,       Mrs. William (Imanita Parrish Hall) Shelley       ,female,25 yrs.,0,1,$26 
No,Third, Mr. Johann Markun      ,male,33 yrs.,0,0,$7.90 
0,Third,         Miss. Gerda Ulrika Dahlberg  ,female,22 yrs.,0,0,$10.52 
0,2, Mr. Frederick James Banfield    ,male,28 yrs.,0,0,$10.50 
0,Third,       Mr. Henry Jr Sutehall ,male,25 yrs.,0,0,$7.05 
0,3,   Mrs. William (Margaret Norton) Rice     ,female,39 yrs.,0,5,$29.13 
No,2,    Rev. Juozas Montvila     ,male,27 yrs.,0,0,$13 
1,1,     Miss. Margaret Edith Graham       ,female,19 yrs.,0,0,$30 
0,Third,Miss. Catherine Helen Johnston   ,female,7 yrs.,1,2,$23.45 
Yes,1,Mr. Karl Howell Behr         ,male,26 yrs.,0,0,$30 
0,3,Mr. Patrick Dooley     ,male,32 yrs.,0,0,$7.75 